, Flow Duration, Total Fwd Packets, Total Backward Packets,Total Length of Fwd Packets, Total Length of Bwd Packets, Fwd Packet Length Max, Fwd Packet Length Min, Fwd Packet Length Mean, Fwd Packet Length Std,Bwd Packet Length Max, Bwd Packet Length Min, Bwd Packet Length Mean, Bwd Packet Length Std,Flow Bytes/s, Flow Packets/s, Flow IAT Mean, Flow IAT Std, Flow IAT Max, Flow IAT Min,Fwd IAT Total, Fwd IAT Mean, Fwd IAT Std, Fwd IAT Max, Fwd IAT Min,Bwd IAT Total, Bwd IAT Mean, Bwd IAT Std, Bwd IAT Max, Bwd IAT Min,Fwd PSH Flags, Bwd PSH Flags, Fwd URG Flags, Bwd URG Flags, Fwd Header Length, Bwd Header Length,Fwd Packets/s, Bwd Packets/s, Min Packet Length, Max Packet Length, Packet Length Mean, Packet Length Std, Packet Length Variance,FIN Flag Count, SYN Flag Count, RST Flag Count, PSH Flag Count, ACK Flag Count, URG Flag Count, CWE Flag Count, ECE Flag Count, Down/Up Ratio, Average Packet Size, Avg Fwd Segment Size, Avg Bwd Segment Size, Fwd Header Length.1,Fwd Avg Bytes/Bulk, Fwd Avg Packets/Bulk, Fwd Avg Bulk Rate, Bwd Avg Bytes/Bulk, Bwd Avg Packets/Bulk,Bwd Avg Bulk Rate,Subflow Fwd Packets, Subflow Fwd Bytes, Subflow Bwd Packets, Subflow Bwd Bytes,Init_Win_bytes_forward, Init_Win_bytes_backward, act_data_pkt_fwd, min_seg_size_forward,Active Mean, Active Std, Active Max, Active Min,Idle Mean, Idle Std, Idle Max, Idle Min,Label,Cluster no.,Prob,new_label
6290,0.918227617969248,0.004959938954597,0.003158196956647,0.004800594880094,0.001523910865384,0.016652397260274,0.0,0.020573978058392,0.020729863238098,0.248968363136176,0.0,0.156757646289113,0.116646856134724,0.003849903147965,0.400000045377515,0.039240297032134,0.274293317927191,0.923413425903905,1.70940169479144e-08,0.916666666666667,0.071226070462185,0.372255217186902,0.923412324513987,8.403361344537821e-09,0.003230016666667,0.000323001666667,0.001231085857969,0.002564533333333,4.16666666666667e-07,0.0,0.0,0.0,0.0,0.004459092671578,0.003229742338333,4.2352347e-08,9.98305319999999e-08,0.0,0.123972602739726,0.212524905281869,0.170353143009316,0.029003075963542,0.0,0.0,0.0,1.0,0.0,0.0,0.0,0.0,0.0,0.210444874274661,0.020573978058392,0.156757646289113,0.004459092671578,0.0,0.0,0.0,0.0,0.0,0.0,0.004959938954597,0.004800594880094,0.003158196956647,0.001523910865384,1.0,0.001876831054688,0.005159071367154,0.571428571428571,0.016352932421607,0.0,0.010308664311729,0.020837910447761,0.923413425260986,0.0,0.923413425260986,0.923413425260986,0.0,-1,0.0,0.0
11491,0.059041161934139,0.022510492178558,0.026701119724376,1.0,0.005511492865867,1.0,0.0,1.0,0.869474020889125,0.19308803301238,0.0,0.067057622946298,0.080201390764464,0.003864735516761,0.40000431904412,0.000398394789672,0.005449091539931,0.045882985622571,8.547008473957191e-09,0.059040841666667,0.001009101410084,0.008717001490368,0.045882922918668,1.51260504201681e-07,0.057377525,0.00062366875,0.007413011368895,0.045933158333333,8.33333333333333e-09,0.0,0.0,0.0,0.0,0.011748739821636,0.016794660159334,2.822904653e-06,1.312650664e-05,0.0,1.0,0.722457836973083,0.782534023417697,0.614583333333333,0.0,0.0,0.0,1.0,0.0,0.0,0.0,0.0,0.025641025641026,0.692367985009671,1.0,0.067057622946298,0.011748739821636,0.0,0.0,0.0,0.0,0.0,0.0,0.022510492178558,1.0,0.026701119724376,0.005511492865867,0.125015258789063,0.003921508789063,0.036973344797936,0.357142857142857,0.055099131858807,0.0,0.034733737017689,0.070210696517413,0.045882977613076,0.0,0.045882977613076,0.045882977613076,0.0,-1,0.0,0.0
9984,0.682775457330333,0.00228920259443,0.002871088142406,0.063495795378744,1.03605217802546e-05,0.1875,0.0,0.544249674734464,0.365295808980397,0.00171939477304,0.0,0.001172312731661,0.000610966401347,0.003849924238868,0.400000041497513,0.043767433925065,0.232659510741814,0.641352600191993,3.41880338958288e-08,0.6825,0.115126050420168,0.408990929409294,0.686682983138583,2.52100840336134e-08,0.681666666666666,0.075749379633333,0.325192802056555,0.636666666666667,2.5e-08,0.0,0.0,0.0,0.0,0.001473439317565,0.001901959377019,2.84786853333333e-08,1.22051509e-07,0.0,0.1875,0.329750014118842,0.343859437229407,0.118169569895833,0.0,0.0,0.0,0.0,1.0,1.0,0.0,0.0,0.025641025641026,0.332432586170213,0.544249674734464,0.001172312731661,0.001473439317565,0.0,0.0,0.0,0.0,0.0,0.0,0.00228920259443,0.063495795378744,0.002871088142406,1.03605217802546e-05,0.003509521484375,0.003921508789063,0.004299226139295,0.357142857142857,0.00102789035451,0.0,0.000647967981566,0.001309800995025,0.34334190084704,0.717457528081393,0.641352597181267,0.045503866034001,0.0,-1,0.0,0.0
12272,0.703275415638446,0.001144601297215,0.001148435256962,0.000896694260063,7.58755859789231e-05,0.001797945205479,0.020171457387796,0.013450413902419,0.000199240859378,0.014442916093535,0.056171983356449,0.021463666925265,0.006129536848986,0.003849859405337,0.400000018959008,0.103418811081891,0.390623073298098,0.70850993964721,3.41880338958288e-08,0.703333333333333,0.236134453781513,0.596343061743491,0.708509092627096,2.52100840336134e-08,0.703333333333333,0.234166666666667,0.625964010282776,0.703333333333333,3.33333333333333e-08,0.0,0.0,0.0,0.0,0.000775494377666,0.00071772051963,1.5799173e-08,4.7397519e-08,0.030097817908202,0.007191780821918,0.039614017267649,0.012278150642033,0.0001506640625,0.0,0.0,0.0,0.0,0.0,0.0,0.0,0.0,0.025641025641026,0.042432301740812,0.013450413902419,0.021463666925265,0.000775494377666,0.0,0.0,0.0,0.0,0.0,0.0,0.001144601297215,0.000896694260063,0.001148435256962,7.58755859789231e-05,0.0,0.0,0.002579535683577,0.357142857142857,7.88672661567989e-06,0.0,4.97168428899032e-06,1.00497512437811e-05,0.708509937200248,0.0,0.708509937200248,0.708509937200248,0.0,-1,0.0,0.0
7269,0.685258953784806,0.001907668828691,0.002871088142406,0.063495795378744,1.03605217802546e-05,0.433861301369863,0.0,0.634957953856874,0.700352047063599,0.00171939477304,0.0,0.001172312731661,0.000610966401347,0.003849923990219,0.400000038914935,0.046855073103803,0.222863320815843,0.59182406234377,1.70940169479144e-08,0.685,0.13781512605042,0.439604022927954,0.677448859893443,4.20168067226891e-08,0.6725,0.074683927775,0.299485861182519,0.5875,8.33333333333333e-09,0.0,0.0,0.0,0.0,0.001279565723149,0.001901959377019,2.43218346666667e-08,1.21609173e-07,0.0,0.433861301369863,0.349147073743017,0.561553973963677,0.315156862760417,0.0,0.0,0.0,0.0,1.0,1.0,0.0,0.0,0.025641025641026,0.353209622823985,0.634957953856874,0.001172312731661,0.001279565723149,0.0,0.0,0.0,0.0,0.0,0.0,0.001907668828691,0.063495795378744,0.002871088142406,1.03605217802546e-05,0.003509521484375,0.003921508789063,0.003439380911436,0.357142857142857,0.000531846484945,0.0,0.000335268729627,0.000677711442786,0.338305100345616,0.610267658348117,0.591824058917269,0.084786141773963,0.0,-1,0.0,0.0
5038,0.638059137745778,0.000381533765738,0.000574217628481,0.000557700088576,2.7272549980376e-05,0.002354452054795,0.023701462430661,0.016731002659107,0.000976076883014,0.009972489683631,0.04368932038835,0.015429704335833,0.004573302269136,0.003849857396537,0.400000010448408,0.217948724632917,0.540014969669157,0.642192066935183,0.000200376066663,0.6375,0.642857142857143,0.0,0.642191298412,0.642857142857143,0.6375,0.6375,0.0,0.6375,0.6375,0.0,0.0,0.0,0.0,0.000504071345483,0.000466518337759,8.70700633333333e-09,2.6121019e-08,0.035364936042137,0.004965753424658,0.033316404266125,0.006607659942431,4.36354166666667e-05,0.0,0.0,0.0,0.0,0.0,0.0,0.0,0.0,0.025641025641026,0.039651837524178,0.016731002659107,0.015429704335833,0.000504071345483,0.0,0.0,0.0,0.0,0.0,0.0,0.000381533765738,0.000557700088576,0.000574217628481,2.7272549980376e-05,0.0,0.0,0.000859845227859,0.357142857142857,0.002348799933033,0.0,0.001480651263076,0.002992985074627,0.642192063931504,0.0,0.642192063931504,0.642192063931504,0.0,-1,0.0,0.0
8555,3.33335094453749e-08,0.000381533765738,0.0,0.0,0.0,0.0,0.0,0.0,0.0,0.0,0.0,0.0,0.0,0.003849855630414,0.53333333334,3.41880338958288e-08,0.0,3.35786697276087e-08,3.41880338958288e-08,2.5e-08,2.52100840336134e-08,0.0,2.51839724867451e-08,2.52100840336134e-08,0.0,0.0,0.0,0.0,0.0,0.0,0.0,0.0,0.0,0.000620395502133,0.0,0.222222222233333,0.0,0.0,0.0,0.0,0.0,0.0,0.0,0.0,0.0,0.0,1.0,0.0,0.0,0.0,0.0,0.0,0.0,0.0,0.000620395502133,0.0,0.0,0.0,0.0,0.0,0.0,0.000381533765738,0.0,0.0,0.0,1.0,0.0,0.0,0.571428571428571,0.0,0.0,0.0,0.0,0.0,0.0,0.0,0.0,0.0,-1,0.0,0.0
8513,0.8821498106915,0.004578405188859,0.003158196956647,0.000169497085744,0.0,0.001327054794521,0.0,0.000782294242106,0.001483539300726,0.0,0.0,0.0,0.0,0.003849855771341,0.400000045344012,0.039337584202243,0.061024449261305,0.083946682713689,1.36752135583315e-07,0.883333333333333,0.074129843840336,0.037782728830246,0.083946574955817,1.26050420168067e-07,0.833333333333333,0.083333333333333,3.72572350514139e-06,0.083333333333333,0.083333333333333,0.0,0.0,0.0,0.0,0.004032570763862,0.00315797028637,4.09355666666667e-08,1.03913361e-07,0.0,0.001327054794521,0.000629761300152,0.001415367424451,2.00208333333333e-06,0.0,0.0,0.0,0.0,1.0,0.0,0.0,0.0,0.0,0.000624597034333,0.000782294242106,0.0,0.004032570763862,0.0,0.0,0.0,0.0,0.0,0.0,0.004578405188859,0.000169497085744,0.003158196956647,0.0,0.004013061523438,0.016281127929688,0.000859845227859,0.571428571428571,0.000914934824404,9.80383172015716e-06,0.000591039735227,0.001152786069652,0.080588524895826,0.020126328112497,0.083946675023726,0.044945116965043,0.0,-1,0.0,0.0
20895,0.534029254787896,0.000381533765738,0.0,0.000404605946614,0.0,0.001583904109589,0.018658598083712,0.012138178399744,0.0,0.0,0.0,0.0,0.0,0.003849856186116,0.400000006241888,0.547863251727665,0.0,0.538098190779596,0.547863251727665,0.534166666666667,0.538655462184874,0.0,0.538097545466787,0.538655462184874,0.0,0.0,0.0,0.0,0.0,1.0,0.0,0.0,0.0,0.000620395502133,0.0,1.04031473333333e-08,0.0,0.027840481565087,0.001583904109589,0.018791264601321,0.0,0.0,0.0,1.0,0.0,0.0,1.0,1.0,0.0,0.0,0.0,0.02683752417795,0.012138178399744,0.0,0.000620395502133,0.0,0.0,0.0,0.0,0.0,0.0,0.000381533765738,0.000404605946614,0.0,0.0,1.0,0.0,0.000859845227859,0.571428571428571,0.0,0.0,0.0,0.0,0.0,0.0,0.0,0.0,0.0,-1,0.0,0.0
8412,0.052329726475388,0.001144601297215,0.000574217628481,0.0,0.0,0.0,0.0,0.0,0.0,0.0,0.0,0.0,0.0,0.003849855630414,0.400000191097013,0.010734252899707,0.024010555613205,0.038707895475175,1.79487177953101e-07,0.052329441666667,0.017589728294118,0.027547046300762,0.038707841264045,0.002360932773109,0.011562941666667,0.011562941666667,0.0,0.011562941666667,0.011562941666667,0.0,0.0,0.0,0.0,0.001318340442032,0.00071772051963,2.12330014666667e-07,3.18495022e-07,0.0,0.0,0.0,0.0,0.0,0.0,0.0,0.0,1.0,0.0,0.0,0.0,0.0,0.0,0.0,0.0,0.0,0.001318340442032,0.0,0.0,0.0,0.0,0.0,0.0,0.001144601297215,0.0,0.000574217628481,0.0,0.445571899414063,0.176773071289063,0.0,0.571428571428571,0.0,0.0,0.0,0.0,0.0,0.0,0.0,0.0,0.0,0,1.0,0.0
8787,0.100774190756975,0.003433803891644,0.002009761699684,0.003384474066946,4.646998739673e-05,0.022131849315069,0.0,0.020306844403896,0.027832867689642,0.011777854195323,0.0,0.007511667713128,0.007910016174902,0.0038498924008,0.400000281158153,0.00645985785077,0.014568401411606,0.03492185849005,3.41880338958288e-08,0.081326316666667,0.009112192344538,0.017124888116302,0.03492180876025,3.4453781512605e-06,0.039359291666667,0.006559881944167,0.011805099150386,0.018051008333333,2.5e-08,0.0,0.0,0.0,0.0,0.003528499418379,0.002081389506926,2.75645248333333e-07,5.78855021e-07,0.0,0.022131849315069,0.026070763499238,0.028424389604427,0.0008074693625,0.0,0.0,0.0,1.0,0.0,0.0,0.0,0.0,0.0,0.026282853568665,0.020306844403896,0.007511667713128,0.003528499418379,0.0,0.0,0.0,0.0,0.0,0.0,0.003433803891644,0.003384474066946,0.002009761699684,4.646998739673e-05,0.445571899414063,0.00091552734375,0.002579535683577,0.571428571428571,0.0,0.0,0.0,0.0,0.0,0.0,0.0,0.0,0.0,0,1.0,0.0
7785,0.01142402702361,0.000763067531477,0.000861326442722,0.0,2.74249105947915e-06,0.0,0.0,0.0,0.0,0.000515818431912,0.004160887656033,0.00103439358676,0.0,0.003849861949134,0.400000875353333,0.002343384595356,0.003125409240197,0.005007628989815,0.000744999993632,0.010697591666667,0.005393743697479,0.000724723728482,0.005739469303017,0.005042067226891,0.01069745,0.005348725,0.000873340496144,0.0057491,0.00494835,0.0,0.0,0.0,0.0,0.000891818534316,0.000538290389722,7.29461110666667e-07,2.188383332e-06,0.0,0.000256849315068,0.001305956613002,0.000732141010891,5.357142859375e-07,0.0,0.0,0.0,1.0,0.0,0.0,0.0,0.0,0.025641025641026,0.001450676982592,0.0,0.00103439358676,0.000891818534316,0.0,0.0,0.0,0.0,0.0,0.0,0.000763067531477,0.0,0.000861326442722,2.74249105947915e-06,0.125015258789063,1.52587890625e-05,0.0,0.5,0.0,0.0,0.0,0.0,0.0,0.0,0.0,0.0,0.0,0,0.6034069939643353,0.0
422,0.043615288767442,0.00228920259443,0.001148435256962,0.003275121108402,2.08734041749246e-05,0.022131849315069,0.0,0.028072466646043,0.03300983589392,0.011777854195323,0.0,0.005904663391087,0.008359101650235,0.003849923303292,0.400000420344201,0.004473346970313,0.018609421791273,0.040672339995582,1.45299144057272e-07,0.04361505,0.007330260504202,0.024776445570849,0.041980213070342,1.34453781512605e-07,0.0022737,0.0007579,0.001041080935219,0.001302075,2.60833333333333e-06,0.0,0.0,0.0,0.0,0.002248933695231,0.00122012488337,4.45819607e-07,7.64262183e-07,0.0,0.022131849315069,0.031149483661757,0.034033110818345,0.001157569444271,0.0,0.0,0.0,1.0,0.0,0.0,0.0,0.0,0.0,0.032354492703095,0.028072466646043,0.005904663391087,0.002248933695231,0.0,0.0,0.0,0.0,0.0,0.0,0.00228920259443,0.003275121108402,0.001148435256962,2.08734041749246e-05,0.445571899414063,0.003631591796875,0.002579535683577,0.571428571428571,0.0,0.0,0.0,0.0,0.0,0.0,0.0,0.0,0.0,0,1.0,0.0
17134,0.111981791637132,0.024036627241511,0.027562446167097,0.106072369787965,0.024093698121211,0.176070205479452,0.0,0.099442846687091,0.170770838545599,0.376547455295736,0.0,0.283984139298336,0.110810524163647,0.00385621354306,0.400002381352285,0.000722351335008,0.009734794975304,0.08283926658074,1.70940169479144e-08,0.029747066666667,0.000476143524076,0.002875568953422,0.015566826204054,1.31932773109244e-06,0.111436533333333,0.001173016140351,0.013228973642223,0.082234008333333,8.33333333333333e-09,0.0,0.0,0.0,0.0,0.012601783637069,0.017297064523075,1.5875681901e-06,7.1440568554e-06,0.0,0.1875,0.56003457315094,0.261933161989744,0.068568512786296,0.0,0.0,0.0,1.0,0.0,0.0,0.0,0.0,0.025641025641026,0.536557059961315,0.099442846687091,0.283984139298336,0.012601783637069,0.0,0.0,0.0,0.0,0.0,0.0,0.024036627241511,0.106072369787965,0.027562446167097,0.024093698121211,0.445571899414063,0.0008544921875,0.054170249355116,0.357142857142857,0.139370875037003,0.0,0.087857488097369,0.177594925373134,0.082839258881481,0.0,0.082839258881481,0.082839258881481,0.0,0,0.1909973801819049,0.0
5263,5.83336415294061e-07,0.000381533765738,0.000574217628481,2.18705917088587e-05,1.8283273729861e-06,8.56164383561644e-05,0.00100857286939,0.000656117751338,0.0,0.000515818431912,0.004160887656033,0.00103439358676,0.0,0.003961445648701,0.411594202898,2.05128203374973e-07,6.36281200250037e-08,2.51840022957065e-07,1.79487177953101e-07,4.08333333333333e-07,4.11764705882353e-07,0.0,4.11338217283503e-07,4.11764705882353e-07,4.08333333333333e-07,4.08333333333333e-07,0.0,4.08333333333333e-07,4.08333333333333e-07,0.0,0.0,0.0,0.0,0.000465296626599,0.000358860259815,0.00966183575,0.02898550725,0.00150489089541,0.000256849315068,0.001828339258507,0.000500147526144,2.5e-07,0.0,0.0,0.0,1.0,0.0,0.0,0.0,0.0,0.025641025641026,0.002176015473888,0.000656117751338,0.00103439358676,0.000465296626599,0.0,0.0,0.0,0.0,0.0,0.0,0.000381533765738,2.18705917088587e-05,0.000574217628481,1.8283273729861e-06,0.015640258789063,1.52587890625e-05,0.000859845227859,0.428571428571429,0.0,0.0,0.0,0.0,0.0,0.0,0.0,0.0,0.0,0,0.6034069939643353,0.0
19642,4.33335622789874e-07,0.000381533765738,0.000574217628481,2.18705917088587e-05,1.8283273729861e-06,8.56164383561644e-05,0.00100857286939,0.000656117751338,0.0,0.000515818431912,0.004160887656033,0.00103439358676,0.0,0.00400083036102,0.41568627451,1.53846152531229e-07,3.28802296227222e-07,4.11338704163206e-07,1.70940169479144e-08,4e-07,4.03361344537815e-07,0.0,4.02943559787922e-07,4.03361344537815e-07,8.33333333333333e-09,8.33333333333333e-09,0.0,8.33333333333333e-09,8.33333333333333e-09,0.0,0.0,0.0,0.0,0.000465296626599,0.000358860259815,0.013071895423333,0.03921568627,0.00150489089541,0.000256849315068,0.001828339258507,0.000500147526144,2.5e-07,0.0,0.0,0.0,1.0,0.0,0.0,0.0,0.0,0.025641025641026,0.002176015473888,0.000656117751338,0.00103439358676,0.000465296626599,0.0,0.0,0.0,0.0,0.0,0.0,0.000381533765738,2.18705917088587e-05,0.000574217628481,1.8283273729861e-06,0.015640258789063,1.52587890625e-05,0.000859845227859,0.428571428571429,0.0,0.0,0.0,0.0,0.0,0.0,0.0,0.0,0.0,0,0.6034069939643353,0.0
17886,3.82502020885677e-06,0.003815337657383,0.001148435256962,0.000940435443481,4.96695602994556e-05,0.003381849315069,0.0,0.005129647875286,0.005426491908502,0.014013067400275,0.0,0.01405051288682,0.011484074786172,0.004373116576035,0.40655021834,2.88156285656784e-07,3.53416519574604e-07,7.97493406030706e-07,1.70940169479144e-08,3.81666666666667e-06,3.84873949579832e-07,6.20581093274765e-07,1.32635588430191e-06,8.403361344537821e-09,2.55833333333333e-06,8.527777775e-07,1.71285856940874e-06,2.11666666666667e-06,3.33333333333333e-08,0.0,0.0,0.0,0.0,0.003567274137263,0.001291896935333,0.008005822416667,0.008733624454,0.0,0.006977739726027,0.015807516505841,0.013208712940593,0.0001743671875,0.0,0.0,0.0,1.0,0.0,0.0,0.0,0.0,0.0,0.01605415860735,0.005129647875286,0.01405051288682,0.003567274137263,0.0,0.0,0.0,0.0,0.0,0.0,0.003815337657383,0.000940435443481,0.001148435256962,4.96695602994556e-05,0.445571899414063,0.031768798828125,0.003439380911436,0.571428571428571,0.0,0.0,0.0,0.0,0.0,0.0,0.0,0.0,0.0,0,1.0,0.0
20302,0.001487207857415,0.000763067531477,0.001722652885444,0.001837129703544,0.001766621324148,0.014383561643836,0.0,0.036742594074901,0.033472464378225,0.373452544704264,0.0,0.333160934402207,0.214143279734879,0.00388202800475,0.400010086124294,0.000190674143669,0.000703955695509,0.001378110578958,1.53846152531229e-07,0.000116616666667,5.87983193277311e-05,0.000104129410853,0.000109214494018,8.26890756302521e-06,0.001485641666667,0.000297128333333,0.00092654895617,0.001368033333333,1.41666666666667e-07,0.0,0.0,0.0,0.0,0.001008142690965,0.001794301299074,5.60340238666667e-06,3.362041432e-05,0.0,0.185958904109589,0.605942102590147,0.370314103774302,0.13705164875,0.0,0.0,0.0,1.0,0.0,0.0,0.0,0.0,0.051282051282051,0.641038040135397,0.036742594074901,0.333160934402207,0.001008142690965,0.0,0.0,0.0,0.0,0.0,0.0,0.000763067531477,0.001837129703544,0.001722652885444,0.001766621324148,0.445571899414063,0.00360107421875,0.000859845227859,0.571428571428571,0.0,0.0,0.0,0.0,0.0,0.0,0.0,0.0,1.0,0,0.1801330707292985,0.0
16890,1.48167449484691e-05,0.001526135062953,0.000574217628481,0.0,0.0,0.0,0.0,0.0,0.0,0.0,0.0,0.0,0.0,0.003849855630414,0.400787844682,2.53988601846251e-06,7.98230732076252e-06,1.36581239117048e-05,3.41880338958288e-08,1.48083333333333e-05,3.73319327731092e-06,9.65940659667116e-06,1.36497130878159e-05,2.52100840336134e-08,2.5e-08,2.5e-08,0.0,2.5e-08,2.5e-08,0.0,0.0,0.0,0.0,0.001783637068631,0.00071772051963,0.000937910335667,0.001125492403,0.0,0.0,0.0,0.0,0.0,0.0,0.0,0.0,1.0,0.0,0.0,0.0,0.0,0.0,0.0,0.0,0.0,0.001783637068631,0.0,0.0,0.0,0.0,0.0,0.0,0.001526135062953,0.0,0.000574217628481,0.0,1.0,0.125015258789063,0.0,0.571428571428571,0.0,0.0,0.0,0.0,0.0,0.0,0.0,0.0,0.0,0,0.34715614397026573,0.0
14386,5.00002641680624e-08,0.000381533765738,0.000574217628481,2.18705917088587e-05,1.8283273729861e-06,8.56164383561644e-05,0.00100857286939,0.000656117751338,0.0,0.000515818431912,0.004160887656033,0.00103439358676,0.0,0.005389797882579,0.56,2.27920226000682e-08,1.41395822223363e-08,3.35786697276087e-08,1.70940169479144e-08,2.5e-08,2.52100840336134e-08,0.0,2.51839724867451e-08,2.52100840336134e-08,8.33333333333333e-09,8.33333333333333e-09,0.0,8.33333333333333e-09,8.33333333333333e-09,0.0,0.0,0.0,0.0,0.000465296626599,0.000358860259815,0.133333333333333,0.4,0.00150489089541,0.000256849315068,0.001828339258507,0.000500147526144,2.5e-07,0.0,0.0,0.0,1.0,0.0,0.0,0.0,0.0,0.025641025641026,0.002176015473888,0.000656117751338,0.00103439358676,0.000465296626599,0.0,0.0,0.0,0.0,0.0,0.0,0.000381533765738,2.18705917088587e-05,0.000574217628481,1.8283273729861e-06,0.015640258789063,1.52587890625e-05,0.000859845227859,0.428571428571429,0.0,0.0,0.0,0.0,0.0,0.0,0.0,0.0,0.0,0,0.46892613041598863,0.0
716,9.08338132386466e-07,0.000381533765738,0.000574217628481,2.18705917088587e-05,1.8283273729861e-06,8.56164383561644e-05,0.00100857286939,0.000656117751338,0.0,0.000515818431912,0.004160887656033,0.00103439358676,0.0,0.003921149253176,0.407407407408,3.16239313536416e-07,2.86391993680006e-07,4.2812803902701e-07,8.54700847395719e-08,4.16666666666667e-07,4.20168067226891e-07,0.0,4.19732874779085e-07,4.20168067226891e-07,4.08333333333333e-07,4.08333333333333e-07,0.0,4.08333333333333e-07,4.08333333333333e-07,0.0,0.0,0.0,0.0,0.000465296626599,0.000358860259815,0.006172839506667,0.01851851852,0.00150489089541,0.000256849315068,0.001828339258507,0.000500147526144,2.5e-07,0.0,0.0,0.0,1.0,0.0,0.0,0.0,0.0,0.025641025641026,0.002176015473888,0.000656117751338,0.00103439358676,0.000465296626599,0.0,0.0,0.0,0.0,0.0,0.0,0.000381533765738,2.18705917088587e-05,0.000574217628481,1.8283273729861e-06,0.015640258789063,1.52587890625e-05,0.000859845227859,0.428571428571429,0.0,0.0,0.0,0.0,0.0,0.0,0.0,0.0,0.0,0,0.6034069939643353,0.0
18789,0.052137333792247,0.000763067531477,0.000287108814241,0.0,0.0,0.0,0.0,0.0,0.0,0.0,0.0,0.0,0.0,0.003849855630414,0.400000127868122,0.017824640873294,0.04398128632478,0.052322325142897,4.78632474541603e-07,0.05213705,0.026287588235294,0.053763211455319,0.052322254817092,0.000198672268908,0.0,0.0,0.0,0.0,0.0,0.0,0.0,0.0,0.0,0.001008142690965,0.000358860259815,1.59835152333333e-07,1.59835152e-07,0.0,0.0,0.0,0.0,0.0,0.0,0.0,0.0,1.0,0.0,0.0,0.0,0.0,0.0,0.0,0.0,0.0,0.001008142690965,0.0,0.0,0.0,0.0,0.0,0.0,0.000763067531477,0.0,0.000287108814241,0.0,0.445571899414063,0.441909790039063,0.0,0.571428571428571,0.0,0.0,0.0,0.0,0.0,0.0,0.0,0.0,0.0,0,0.4491373036556866,0.0
23150,0.0029805740807,0.001144601297215,0.002009761699684,0.003805482957341,0.001766621324148,0.014897260273973,0.0,0.057082244366363,0.034667909546915,0.373452544704264,0.0,0.285566515128006,0.214478562691916,0.003866392908051,0.40000615099003,0.000305705980293,0.000910082914141,0.001787988610988,5.12820508437432e-08,0.001891625,0.000635840336134,0.001458807244262,0.001787978099984,4.20168067226891e-08,0.002980375,0.000496729166667,0.001248407131491,0.001891875,1.08333333333333e-07,0.0,0.0,0.0,0.0,0.001318340442032,0.002081389506926,3.72787274666667e-06,1.957133191e-05,0.0,0.185958904109589,0.520187912646013,0.346853630579309,0.1202364784375,0.0,0.0,0.0,1.0,0.0,0.0,0.0,0.0,0.025641025641026,0.540311235976789,0.057082244366363,0.285566515128006,0.001318340442032,0.0,0.0,0.0,0.0,0.0,0.0,0.001144601297215,0.003805482957341,0.002009761699684,0.001766621324148,0.445571899414063,0.00360107421875,0.001719690455718,0.571428571428571,0.0,0.0,0.0,0.0,0.0,0.0,0.0,0.0,1.0,0,0.20447006058990808,0.0
11820,0.046591654492575,0.00228920259443,0.001148435256962,0.003471956433781,2.55965832218054e-05,0.022131849315069,0.0,0.029759626578528,0.032906079275732,0.014442916093535,0.0,0.007240755107318,0.010250577206128,0.003849924747114,0.400000393491789,0.004778613634371,0.020688887504191,0.045053441376285,4.2735042369786e-08,0.0465914,0.007830487394958,0.027062510967553,0.0456902151612,3.36134453781513e-08,0.001514275,0.000504758333333,0.000939139970361,0.001181641666667,1.69166666666667e-06,0.0,0.0,0.0,0.0,0.002248933695231,0.00122012488337,4.173397761e-07,7.154396162e-07,0.0,0.022131849315069,0.033985102420874,0.03443652530512,0.001185174794823,0.0,0.0,0.0,1.0,0.0,0.0,0.0,0.0,0.0,0.035299806576402,0.029759626578528,0.007240755107318,0.002248933695231,0.0,0.0,0.0,0.0,0.0,0.0,0.00228920259443,0.003471956433781,0.001148435256962,2.55965832218054e-05,0.445571899414063,0.005203247070313,0.002579535683577,0.571428571428571,0.008747746328826,0.0,0.005514459306936,0.011146915422886,0.045053433359826,0.0,0.045053433359826,0.045053433359826,0.0,0,1.0,0.0
13496,5.66669660571374e-07,0.0,0.000287108814241,0.0,0.0,0.0,0.0,0.0,0.0,0.0,0.0,0.0,0.0,0.003849855630414,0.405970149253731,5.81196576229089e-07,0.0,5.70837385369347e-07,5.81196576229089e-07,0.0,0.0,0.0,0.0,0.0,0.0,0.0,0.0,0.0,0.0,0.0,0.0,0.0,0.0,0.000310197751066,0.000287088207852,0.004975124378109,0.014925373134328,0.0,0.0,0.0,0.0,0.0,0.0,0.0,0.0,0.0,1.0,1.0,0.0,0.0,0.025641025641026,0.0,0.0,0.0,0.000310197751066,0.0,0.0,0.0,0.0,0.0,0.0,0.0,0.0,0.000287108814241,0.0,0.006454467773438,0.008880615234375,0.0,0.571428571428571,0.0,0.0,0.0,0.0,0.0,0.0,0.0,0.0,0.0,1,1.0,0.0
5095,5.75003037932717e-07,0.0,0.000287108814241,0.0,0.0,0.0,0.0,0.0,0.0,0.0,0.0,0.0,0.0,0.003849855630414,0.405882352942,5.89743584703046e-07,0.0,5.79232052801249e-07,5.89743584703046e-07,0.0,0.0,0.0,0.0,0.0,0.0,0.0,0.0,0.0,0.0,0.0,0.0,0.0,0.0,0.000310197751066,0.000287088207852,0.004901960783333,0.01470588235,0.0,0.0,0.0,0.0,0.0,0.0,0.0,0.0,0.0,1.0,1.0,0.0,0.0,0.025641025641026,0.0,0.0,0.0,0.000310197751066,0.0,0.0,0.0,0.0,0.0,0.0,0.0,0.0,0.000287108814241,0.0,0.001358032226563,0.005859375,0.0,0.571428571428571,0.0,0.0,0.0,0.0,0.0,0.0,0.0,0.0,0.0,1,1.0,0.0
16315,8.16670981411685e-07,0.0,0.000287108814241,0.0,0.0,0.0,0.0,0.0,0.0,0.0,0.0,0.0,0.0,0.003849855630414,0.40412371134,8.37606830447805e-07,0.0,8.22677408326412e-07,8.37606830447805e-07,0.0,0.0,0.0,0.0,0.0,0.0,0.0,0.0,0.0,0.0,0.0,0.0,0.0,0.0,0.000310197751066,0.000287088207852,0.003436426116667,0.01030927835,0.0,0.0,0.0,0.0,0.0,0.0,0.0,0.0,0.0,1.0,1.0,0.0,0.0,0.025641025641026,0.0,0.0,0.0,0.000310197751066,0.0,0.0,0.0,0.0,0.0,0.0,0.0,0.0,0.000287108814241,0.0,0.006439208984375,0.008880615234375,0.0,0.571428571428571,0.0,0.0,0.0,0.0,0.0,0.0,0.0,0.0,0.0,1,1.0,0.0
4310,1.9250101704704e-06,0.0,0.000574217628481,0.0,0.0,0.0,0.0,0.0,0.0,0.0,0.0,0.0,0.0,0.003849855630414,0.402608695652174,9.91452982979034e-07,1.97418141303657e-06,1.9307735093375e-06,1.70940169479144e-08,0.0,0.0,0.0,0.0,0.0,8.33333333333333e-09,8.33333333333333e-09,0.0,8.33333333333333e-09,8.33333333333333e-09,0.0,0.0,0.0,0.0,0.000310197751066,0.000574176415704,0.001449275362319,0.008695652173913,0.0,0.0,0.0,0.0,0.0,0.0,0.0,0.0,0.0,1.0,1.0,0.0,0.0,0.051282051282051,0.0,0.0,0.0,0.000310197751066,0.0,0.0,0.0,0.0,0.0,0.0,0.0,0.0,0.000574217628481,0.0,0.00604248046875,0.003509521484375,0.0,0.571428571428571,0.0,0.0,0.0,0.0,0.0,0.0,0.0,0.0,0.0,1,0.21499759031756857,0.0
17994,4.83335886957936e-07,0.0,0.000287108814241,0.0,0.0,0.0,0.0,0.0,0.0,0.0,0.0,0.0,0.0,0.003849855630414,0.40701754386,4.95726491489517e-07,0.0,4.86890711050325e-07,4.95726491489517e-07,0.0,0.0,0.0,0.0,0.0,0.0,0.0,0.0,0.0,0.0,0.0,0.0,0.0,0.0,0.000310197751066,0.000287088207852,0.005847953216667,0.01754385965,0.0,0.0,0.0,0.0,0.0,0.0,0.0,0.0,0.0,1.0,1.0,0.0,0.0,0.025641025641026,0.0,0.0,0.0,0.000310197751066,0.0,0.0,0.0,0.0,0.0,0.0,0.0,0.0,0.000287108814241,0.0,0.005538940429688,0.003753662109375,0.0,0.571428571428571,0.0,0.0,0.0,0.0,0.0,0.0,0.0,0.0,0.0,1,0.9471590910904825,0.0
742,0.000470094150331,0.0,0.000574217628481,3.2805887563288e-05,9.14163686493049e-07,0.000256849315068,0.003025718608169,0.001968353254013,0.0,0.000515818431912,0.0,0.00051719679338,0.00051773233238,0.00384995800204,0.400010636411984,0.000241076921016,0.000370003158472,0.000416140453934,5.84615379618672e-05,0.0,0.0,0.0,0.0,0.0,5.69916666666667e-05,5.69916666666667e-05,0.0,5.69916666666667e-05,5.69916666666667e-05,0.0,0.0,0.0,0.0,0.000193873594416,0.000466518337759,5.90911777e-06,3.545470661e-05,0.0,0.000256849315068,0.002285424073134,0.00068485520538,4.6875e-07,0.0,0.0,0.0,0.0,1.0,1.0,0.0,0.0,0.051282051282051,0.002901353965184,0.001968353254013,0.00051719679338,0.000193873594416,0.0,0.0,0.0,0.0,0.0,0.0,0.0,3.2805887563288e-05,0.000574217628481,9.14163686493049e-07,0.253067016601562,1.52587890625e-05,0.0,0.357142857142857,0.0,0.0,0.0,0.0,0.0,0.0,0.0,0.0,0.0,1,0.017271039245583892,0.0
5969,6.75003566268842e-07,0.0,0.000287108814241,0.0,0.0,0.0,0.0,0.0,0.0,0.0,0.0,0.0,0.0,0.003849855630414,0.405,6.92307686390533e-07,0.0,6.79968061984075e-07,6.92307686390533e-07,0.0,0.0,0.0,0.0,0.0,0.0,0.0,0.0,0.0,0.0,0.0,0.0,0.0,0.0,0.000310197751066,0.000287088207852,0.004166666666667,0.0125,0.0,0.0,0.0,0.0,0.0,0.0,0.0,0.0,0.0,1.0,1.0,0.0,0.0,0.025641025641026,0.0,0.0,0.0,0.000310197751066,0.0,0.0,0.0,0.0,0.0,0.0,0.0,0.0,0.000287108814241,0.0,0.004562377929688,0.004837036132813,0.0,0.571428571428571,0.0,0.0,0.0,0.0,0.0,0.0,0.0,0.0,0.0,1,1.0,0.0
3004,7.1667045307556e-07,0.0,0.000287108814241,0.0,0.0,0.0,0.0,0.0,0.0,0.0,0.0,0.0,0.0,0.003849855630414,0.404705882352,7.35042728760319e-07,0.0,7.21941399143586e-07,7.35042728760319e-07,0.0,0.0,0.0,0.0,0.0,0.0,0.0,0.0,0.0,0.0,0.0,0.0,0.0,0.0,0.000310197751066,0.000287088207852,0.003921568626667,0.01176470588,0.0,0.0,0.0,0.0,0.0,0.0,0.0,0.0,0.0,1.0,1.0,0.0,0.0,0.025641025641026,0.0,0.0,0.0,0.000310197751066,0.0,0.0,0.0,0.0,0.0,0.0,0.0,0.0,0.000287108814241,0.0,0.005645751953125,0.005447387695313,0.0,0.571428571428571,0.0,0.0,0.0,0.0,0.0,0.0,0.0,0.0,0.0,1,1.0,0.0
8066,0.263292574395768,0.001144601297215,0.0,0.000202302973307,0.0,0.001583904109589,0.0,0.003034544599936,0.003192131446369,0.0,0.0,0.0,0.0,0.003849856193972,0.400000025320509,0.089743597523559,0.222863320815843,0.265271499242776,3.41880338958288e-08,0.263333333333333,0.088235294117647,0.222863320815843,0.265271176860382,2.52100840336134e-08,0.0,0.0,0.0,0.0,0.0,0.0,0.0,0.0,0.0,0.001240791004265,0.0,4.2200849e-08,0.0,0.0,0.001583904109589,0.003758252920264,0.003777410891003,1.42604166666667e-05,0.0,0.0,0.0,0.0,1.0,1.0,0.0,0.0,0.0,0.004472920696325,0.003034544599936,0.0,0.001240791004265,0.0,0.0,0.0,0.0,0.0,0.0,0.001144601297215,0.000202302973307,0.0,0.0,0.005538940429688,0.0,0.000859845227859,0.571428571428571,2.26450566192789e-06,0.0,1.42751331070019e-06,2.88557213930348e-06,0.265271493074974,0.0,0.265271493074974,0.265271493074974,0.0,1,0.007279996788307736,0.0
18912,0.000683795279385,0.001144601297215,0.0,0.000131223550253,0.0,0.000256849315068,0.003025718608169,0.001968353254013,0.0,0.0,0.0,0.0,0.0,0.003849996386098,0.400009749677042,0.000233780624754,0.00056943762529,0.000680354216686,3.41880338958288e-08,0.000683783333333,0.000229843137227,0.00056943762529,0.000680345016729,2.52100840336134e-08,0.0,0.0,0.0,0.0,0.0,0.0,0.0,0.0,0.0,0.000775494377666,0.0,1.62494617366667e-05,0.0,0.00451467268623,0.000256849315068,0.003047232097511,0.0,0.0,0.0,0.0,0.0,0.0,1.0,0.0,0.0,0.0,0.0,0.00362669245648,0.001968353254013,0.0,0.000775494377666,0.0,0.0,0.0,0.0,0.0,0.0,0.001144601297215,0.000131223550253,0.0,0.0,0.003921508789063,0.0,0.002579535683577,0.357142857142857,0.0,0.0,0.0,0.0,0.0,0.0,0.0,0.0,1.0,2,1.0,1.0
10835,4.16668868067186e-08,0.000381533765738,0.0,0.0,0.0,0.0,0.0,0.0,0.0,0.0,0.0,0.0,0.0,0.003849855630414,0.5,4.2735042369786e-08,0.0,4.19733371595108e-08,4.2735042369786e-08,3.33333333333333e-08,3.36134453781513e-08,0.0,3.35786299823268e-08,3.36134453781513e-08,0.0,0.0,0.0,0.0,0.0,0.0,0.0,0.0,0.0,0.000620395502133,0.0,0.166666666666667,0.0,0.0,0.0,0.0,0.0,0.0,0.0,0.0,0.0,0.0,1.0,0.0,0.0,0.0,0.0,0.0,0.0,0.0,0.000620395502133,0.0,0.0,0.0,0.0,0.0,0.0,0.000381533765738,0.0,0.0,0.0,0.111557006835938,0.0,0.0,0.571428571428571,0.0,0.0,0.0,0.0,0.0,0.0,0.0,0.0,0.0,2,0.08206710823868302,1.0
13238,4.16668868067186e-08,0.000381533765738,0.0,0.0,0.0,0.0,0.0,0.0,0.0,0.0,0.0,0.0,0.0,0.003849855630414,0.5,4.2735042369786e-08,0.0,4.19733371595108e-08,4.2735042369786e-08,3.33333333333333e-08,3.36134453781513e-08,0.0,3.35786299823268e-08,3.36134453781513e-08,0.0,0.0,0.0,0.0,0.0,0.0,0.0,0.0,0.0,0.000620395502133,0.0,0.166666666666667,0.0,0.0,0.0,0.0,0.0,0.0,0.0,0.0,0.0,0.0,1.0,0.0,0.0,0.0,0.0,0.0,0.0,0.0,0.000620395502133,0.0,0.0,0.0,0.0,0.0,0.0,0.000381533765738,0.0,0.0,0.0,0.013824462890625,0.0,0.0,0.571428571428571,0.0,0.0,0.0,0.0,0.0,0.0,0.0,0.0,0.0,2,0.08486517519718711,1.0
1542,4.46919027888864e-05,0.001526135062953,0.0,0.0,0.0,0.0,0.0,0.0,0.0,0.0,0.0,0.0,0.0,0.003849855630414,0.40018649757554,1.14658118678136e-05,2.62799522493188e-05,3.82796834894739e-05,1.82905981342684e-06,4.46833333333333e-05,1.12647058823529e-05,2.62799522493188e-05,3.8271243522357e-05,1.78991596638655e-06,0.0,0.0,0.0,0.0,0.0,0.0,0.0,0.0,0.0,0.001550988755332,0.0,0.000310829292567,0.0,0.0,0.0,0.0,0.0,0.0,0.0,0.0,0.0,0.0,1.0,0.0,0.0,0.0,0.0,0.0,0.0,0.0,0.001550988755332,0.0,0.0,0.0,0.0,0.0,0.0,0.001526135062953,0.0,0.0,0.0,0.004196166992188,0.0,0.0,0.571428571428571,0.0,0.0,0.0,0.0,0.0,0.0,0.0,0.0,1.0,2,0.08486517519718711,1.0
27,3.33335094453749e-08,0.000381533765738,0.0,0.0,0.0,0.0,0.0,0.0,0.0,0.0,0.0,0.0,0.0,0.003849855630414,0.53333333334,3.41880338958288e-08,0.0,3.35786697276087e-08,3.41880338958288e-08,2.5e-08,2.52100840336134e-08,0.0,2.51839724867451e-08,2.52100840336134e-08,0.0,0.0,0.0,0.0,0.0,0.0,0.0,0.0,0.0,0.000387747188833,0.0,0.222222222233333,0.0,0.0,0.0,0.0,0.0,0.0,0.0,0.0,0.0,0.0,1.0,0.0,0.0,0.0,0.0,0.0,0.0,0.0,0.000387747188833,0.0,0.0,0.0,0.0,0.0,0.0,0.000381533765738,0.0,0.0,0.0,0.000503540039063,0.0,0.0,0.357142857142857,0.0,0.0,0.0,0.0,0.0,0.0,0.0,0.0,0.0,2,0.07266192678449288,1.0
17671,0.000761837358374,0.001144601297215,0.0,0.000131223550253,0.0,0.000256849315068,0.003025718608169,0.001968353254013,0.0,0.0,0.0,0.0,0.0,0.003849981967028,0.400008750916112,0.000260461536235,0.000638595842536,0.000761329178734,1.79487177953101e-06,0.000761825,0.000256075630252,0.000638595842536,0.000761319882932,1.7563025210084e-06,0.0,0.0,0.0,0.0,0.0,0.0,0.0,0.0,0.0,0.000775494377666,0.0,1.45848601866667e-05,0.0,0.00451467268623,0.000256849315068,0.003047232097511,0.0,0.0,0.0,0.0,0.0,0.0,1.0,0.0,0.0,0.0,0.0,0.00362669245648,0.001968353254013,0.0,0.000775494377666,0.0,0.0,0.0,0.0,0.0,0.0,0.001144601297215,0.000131223550253,0.0,0.0,0.003921508789063,0.0,0.002579535683577,0.357142857142857,0.0,0.0,0.0,0.0,0.0,0.0,0.0,0.0,1.0,2,1.0,1.0
24704,0.008655762397945,0.001526135062953,0.0,0.000164029437816,0.0,0.000256849315068,0.003025718608169,0.001968353254013,0.0,0.0,0.0,0.0,0.0,0.003849869529679,0.400000962755792,0.002219420921202,0.006345269204771,0.008704816814841,2.32478630491636e-06,0.008655708333333,0.002182111344538,0.006345269204771,0.008704798116756,2.27731092436975e-06,0.0,0.0,0.0,0.0,0.0,0.0,0.0,0.0,0.0,0.000969367972082,0.0,1.604592987e-06,0.0,0.00451467268623,0.000256849315068,0.003047232097511,0.0,0.0,0.0,0.0,0.0,0.0,1.0,0.0,0.0,0.0,0.0,0.003481624758221,0.001968353254013,0.0,0.000969367972082,0.0,0.0,0.0,0.0,0.0,0.0,0.001526135062953,0.000164029437816,0.0,0.0,0.003921508789063,0.0,0.003439380911436,0.357142857142857,0.0,0.0,0.0,0.0,0.0,0.0,0.0,0.0,1.0,2,1.0,1.0
13404,0.014707877706621,0.001526135062953,0.0,0.000164029437816,0.0,0.000256849315068,0.003025718608169,0.001968353254013,0.0,0.0,0.0,0.0,0.0,0.003849863810295,0.400000566593104,0.003771237147254,0.010796988927737,0.014806757861745,1.70940169479144e-08,0.014707791666667,0.003707846638655,0.010796988927737,0.014806731941117,8.403361344537821e-09,0.0,0.0,0.0,0.0,0.0,0.0,0.0,0.0,0.0,0.000969367972082,0.0,9.4432184e-07,0.0,0.00451467268623,0.000256849315068,0.003047232097511,0.0,0.0,0.0,0.0,0.0,0.0,1.0,0.0,0.0,0.0,0.0,0.003481624758221,0.001968353254013,0.0,0.000969367972082,0.0,0.0,0.0,0.0,0.0,0.0,0.001526135062953,0.000164029437816,0.0,0.0,0.003921508789063,0.0,0.003439380911436,0.357142857142857,0.0,0.0,0.0,0.0,0.0,0.0,0.0,0.0,1.0,2,0.567894811396179,1.0
23409,2.50001320840312e-08,0.000381533765738,0.0,0.0,0.0,0.0,0.0,0.0,0.0,0.0,0.0,0.0,0.0,0.003849855630414,0.6,2.56410254218716e-08,0.0,2.51840022957065e-08,2.56410254218716e-08,1.66666666666667e-08,1.68067226890756e-08,0.0,1.67893149911634e-08,1.68067226890756e-08,0.0,0.0,0.0,0.0,0.0,0.0,0.0,0.0,0.0,0.000620395502133,0.0,0.333333333333333,0.0,0.0,0.0,0.0,0.0,0.0,0.0,0.0,0.0,0.0,1.0,0.0,0.0,0.0,0.0,0.0,0.0,0.0,0.000620395502133,0.0,0.0,0.0,0.0,0.0,0.0,0.000381533765738,0.0,0.0,0.0,0.00384521484375,0.0,0.0,0.571428571428571,0.0,0.0,0.0,0.0,0.0,0.0,0.0,0.0,1.0,2,0.07266192678449288,1.0
24013,0.000687753633632,0.001144601297215,0.0,0.000131223550253,0.0,0.000256849315068,0.003025718608169,0.001968353254013,0.0,0.0,0.0,0.0,0.0,0.003849995575971,0.400009693562262,0.000235133901153,0.000572880152516,0.000684408841056,1.70940169479144e-08,0.000687741666667,0.000231173669496,0.000572880152516,0.0006843996363,8.403361344537821e-09,0.0,0.0,0.0,0.0,0.0,0.0,0.0,0.0,0.0,0.000775494377666,0.0,1.61559371033333e-05,0.0,0.00451467268623,0.000256849315068,0.003047232097511,0.0,0.0,0.0,0.0,0.0,0.0,1.0,0.0,0.0,0.0,0.0,0.00362669245648,0.001968353254013,0.0,0.000775494377666,0.0,0.0,0.0,0.0,0.0,0.0,0.001144601297215,0.000131223550253,0.0,0.0,0.003921508789063,0.0,0.002579535683577,0.357142857142857,0.0,0.0,0.0,0.0,0.0,0.0,0.0,0.0,1.0,2,1.0,1.0
16727,9.87505217319232e-06,0.001526135062953,0.0,0.0,0.0,0.0,0.0,0.0,0.0,0.0,0.0,0.0,0.0,0.003849855630414,0.4008445945946,2.53846151676529e-06,9.31765211192899e-07,3.06405361264429e-06,1.60683759310395e-06,9.86666666666667e-06,2.48739495798319e-06,9.31765211192899e-07,3.05565532839174e-06,1.57142857142857e-06,0.0,0.0,0.0,0.0,0.0,0.0,0.0,0.0,0.0,0.001550988755332,0.0,0.001407657657667,0.0,0.0,0.0,0.0,0.0,0.0,0.0,0.0,0.0,0.0,1.0,0.0,0.0,0.0,0.0,0.0,0.0,0.0,0.001550988755332,0.0,0.0,0.0,0.0,0.0,0.0,0.001526135062953,0.0,0.0,0.0,0.00384521484375,0.0,0.0,0.571428571428571,0.0,0.0,0.0,0.0,0.0,0.0,0.0,0.0,1.0,2,0.08486517519718711,1.0
7432,0.000103142211601,0.000763067531477,0.000287108814241,0.000169497085744,0.0,0.001327054794521,0.0,0.00338994171415,0.003088233320528,0.0,0.0,0.0,0.0,0.003851061043356,0.40006464124112,3.5267805963523e-05,8.72200989287875e-05,0.000103682537451,3.41880338958288e-08,0.000102941666667,5.19033613445378e-05,0.000106908850464,0.00010367402007,2.52100840336134e-08,0.0,0.0,0.0,0.0,0.0,0.0,0.0,0.0,0.0,0.000581620783249,0.000179430129907,8.08015514e-05,8.080155139e-05,0.0,0.001327054794521,0.003148806500762,0.003164857774098,1.00104166666667e-05,0.0,0.0,0.0,0.0,1.0,0.0,0.0,0.0,0.0,0.003747582205029,0.00338994171415,0.0,0.000581620783249,0.0,0.0,0.0,0.0,0.0,0.0,0.000763067531477,0.000169497085744,0.000287108814241,0.0,0.015472412109375,1.52587890625e-05,0.000859845227859,0.357142857142857,0.0,0.0,0.0,0.0,0.0,0.0,0.0,0.0,0.0,2,1.0,1.0
16269,0.196052460810501,0.001144601297215,0.000861326442722,0.0,0.0,0.0,0.0,0.0,0.0,0.0,0.0,0.0,0.0,0.003849855630414,0.400000059508199,0.033513070938635,0.061381544063747,0.085762575199221,0.000202427348697,0.196051416666667,0.065899635854342,0.050858907220037,0.085961334728044,0.025598042016807,0.170667358333333,0.085333679166667,9.99765371863753e-08,0.085333725,0.085333633333333,0.0,0.0,0.0,0.0,0.001240791004265,0.000861264623556,5.6674475e-08,1.275175687e-07,0.0,0.0,0.0,0.0,0.0,0.0,0.0,0.0,0.0,1.0,0.0,0.0,0.0,0.0,0.0,0.0,0.0,0.001240791004265,0.0,0.0,0.0,0.0,0.0,0.0,0.001144601297215,0.0,0.000861326442722,0.0,0.004257202148438,0.004470825195313,0.0,0.571428571428571,0.000925616689313,1.59886955977985e-06,0.000584099067061,0.001178258706468,0.085762391236484,4.24450229071751e-07,0.085762567524502,0.085762214948467,0.0,2,0.04324138280589129,1.0
7481,0.042940451868721,0.000381533765738,0.000287108814241,6.56117751265761e-05,0.0,0.000256849315068,0.003025718608169,0.001968353254013,0.0,0.0,0.0,0.0,0.0,0.003849856751116,0.400000116440959,0.022020632290422,0.044075314466013,0.042993818116535,0.000267222219938,0.042940216666667,0.04330105882353,0.0,0.043256209404328,0.04330105882353,0.0,0.0,0.0,0.0,0.0,0.0,0.0,0.0,0.0,0.000387747188833,0.000287088207852,1.29378843e-07,1.94068265e-07,0.0,0.000256849315068,0.002285424073134,0.00068485520538,4.6875e-07,0.0,0.0,0.0,0.0,1.0,0.0,0.0,0.0,0.0,0.002901353965184,0.001968353254013,0.0,0.000387747188833,0.0,0.0,0.0,0.0,0.0,0.0,0.000381533765738,6.56117751265761e-05,0.000287108814241,0.0,0.003921508789063,0.00189208984375,0.000859845227859,0.357142857142857,0.0,0.0,0.0,0.0,0.0,0.0,0.0,0.0,0.0,2,0.15799287379331955,1.0
9500,0.000118883961437,0.000381533765738,0.000287108814241,6.01441271993614e-05,9.14163686493049e-07,0.000470890410959,0.0,0.001804323816178,0.001342105714252,0.000515818431912,0.004160887656033,0.00103439358676,0.0,0.003850429128011,0.40004206098844,6.09700849489736e-05,0.00011182698662,0.000114091925067,5.77777772839506e-06,0.000118875,0.00011987394958,0.0,0.000119749789174,0.00011987394958,0.0,0.0,0.0,0.0,0.0,0.0,0.0,0.0,0.0,0.000620395502133,0.000179430129907,4.67344316e-05,7.010164739e-05,0.0,0.000470890410959,0.002158456069071,0.001213351782216,1.47135416666667e-06,0.0,0.0,0.0,0.0,1.0,0.0,0.0,0.0,0.0,0.002740167633946,0.001804323816178,0.00103439358676,0.000620395502133,0.0,0.0,0.0,0.0,0.0,0.0,0.000381533765738,6.01441271993614e-05,0.000287108814241,9.14163686493049e-07,0.00360107421875,1.52587890625e-05,0.000859845227859,0.571428571428571,0.0,0.0,0.0,0.0,0.0,0.0,0.0,0.0,0.0,2,0.08486517519718711,1.0
